article_name,article_url,article_time
"[爬虫资源]各大爬虫资源大汇总,做我们自己的awesome系列",http://www.cnblogs.com/codefish/p/5947165.html,2016年10月11日
[Nancy On .Net Core Docker] 轻量级的web框架,http://www.cnblogs.com/codefish/p/5924481.html,2016年9月30日
2015，平凡之路,http://www.cnblogs.com/codefish/p/5184851.html,2016年2月9日
转[开发环境配置]在Ubuntu下配置舒服的Python开发环境,http://www.cnblogs.com/codefish/p/5126941.html,2016年1月13日
转自coolshell--vim的基本操作,http://www.cnblogs.com/codefish/p/5121496.html,2016年1月11日
[python基础]关于包，类，模块的那些事儿,http://www.cnblogs.com/codefish/p/5032753.html,2015年12月9日
[python IDE] 舒服的pycharm设置,http://www.cnblogs.com/codefish/p/5031153.html,2015年12月8日
[python基础]关于中文编码和解码那点事儿,http://www.cnblogs.com/codefish/p/5016312.html,2015年12月3日
[python基础]关于装饰器,http://www.cnblogs.com/codefish/p/5013076.html,2015年12月2日
"从.net转型，聊聊最近一些面试,薪资和想法",http://www.cnblogs.com/codefish/p/5001337.html,2015年12月1日
,,
,,
(9)分布式下的爬虫Scrapy应该如何做-关于ajax抓取的处理(一),http://www.cnblogs.com/codefish/p/4993809.html,2015年11月25日
数学之美--关于图论引申出来的爬虫构想,http://www.cnblogs.com/codefish/p/4971664.html,2015年11月17日
(8)分布式下的爬虫Scrapy应该如何做-图片下载(源码放送),http://www.cnblogs.com/codefish/p/4968260.html,2015年11月16日
【转】Bloom Filter布隆过滤器的概念和原理,http://www.cnblogs.com/codefish/p/4962164.html,2015年11月13日
(7)分布式下的爬虫Scrapy应该如何做-关于伪装和防Ban的那点事儿,http://www.cnblogs.com/codefish/p/4953202.html,2015年11月10日
python下的orm基本操作(1)--Mysql下的CRUD简单操作(含源码DEMO),http://www.cnblogs.com/codefish/p/4875204.html,2015年11月9日
(6)分布式下的爬虫Scrapy应该如何做-关于实时Debug的那些事儿,http://www.cnblogs.com/codefish/p/4942387.html,2015年11月6日
(5)分布式下的爬虫Scrapy应该如何做-windows下的redis的安装与配置,http://www.cnblogs.com/codefish/p/4939471.html,2015年11月5日
django book 阅读笔记,http://www.cnblogs.com/codefish/p/4893441.html,2015年10月19日
,,
,,
,,
30分钟快速搭建Web CRUD的管理平台--django神奇魔法,http://www.cnblogs.com/codefish/p/4889856.html,2015年10月18日
Python基础学习导引--条件，循环和其它语句(读书笔记),http://www.cnblogs.com/codefish/p/4876774.html,2015年10月14日
python下的自动化测试--selenium 验证码输入问题,http://www.cnblogs.com/codefish/p/4829957.html,2015年9月22日
(4)分布式下的爬虫Scrapy应该如何做-规则自动爬取及命令行下传参,http://www.cnblogs.com/codefish/p/4795110.html,2015年9月15日
【实用】如何将sublime text 3 打造成实用的python IDE 环境,http://www.cnblogs.com/codefish/p/4806849.html,2015年9月14日
(3)分布式下的爬虫Scrapy应该如何做-递归爬取方式，数据输出方式以及数据库链接,http://www.cnblogs.com/codefish/p/4785398.html,2015年9月7日
(2)分布式下的爬虫Scrapy应该如何做-关于对Scrapy的反思和核心对象的介绍,http://www.cnblogs.com/codefish/p/4779031.html,2015年9月2日
(1)分布式下的爬虫Scrapy应该如何做-安装,http://www.cnblogs.com/codefish/p/4771969.html,2015年9月1日
面试都问了些什么及解答,http://www.cnblogs.com/codefish/p/4651658.html,2015年7月16日
,,
,,
,,
"不用找了,比较全的signalR例子已经为你准备好了(2)---JqGrid 服务端刷新方式-注释详细-DEMO源码下载",http://www.cnblogs.com/codefish/p/4402976.html,2015年4月8日
"不用找了,比较全的signalR例子已经为你准备好了.",http://www.cnblogs.com/codefish/p/4371780.html,2015年3月30日
"26之前,26之后",http://www.cnblogs.com/codefish/p/3983131.html,2014年9月20日
"SSIS从理论到实战,再到应用(7)----常用的数据类型转换操作",http://www.cnblogs.com/codefish/p/3717777.html,2014年5月8日
"SSIS从理论到实战,再到应用(6)----SSIS的自带日志功能",http://www.cnblogs.com/codefish/p/3690204.html,2014年4月25日
"SSIS从理论到实战,再到应用(5)----流程控制之Foreach循环",http://www.cnblogs.com/codefish/p/3638550.html,2014年4月1日
"SSIS从理论到实战,再到应用(3)----SSIS包的变量，约束，常用容器",http://www.cnblogs.com/codefish/p/3605564.html,2014年3月17日
"SSIS从理论到实战,再到应用(2)----SSIS包的控制流",http://www.cnblogs.com/codefish/p/3600887.html,2014年3月14日
"SSIS从理论到实战,再到应用(1)----创建自己的第一个包",http://www.cnblogs.com/codefish/p/3590010.html,2014年3月9日
,,
,,
,,
"SSIS从理论到实战,再到应用",http://www.cnblogs.com/codefish/p/3584912.html,2014年3月6日
答《同样 25 岁，为什么有的人事业小成、家庭幸福，有的人却还在一无所有的起点上？》,http://www.cnblogs.com/codefish/p/3578139.html,2014年3月3日
[面试记录-附部分面试题]2014第一波的找工作的记录,http://www.cnblogs.com/codefish/p/3546616.html,2014年2月12日
项目总结(二)->一些常用的工具浅谈,http://www.cnblogs.com/codefish/p/3537645.html,2014年2月3日
项目总结(一)->项目的七宗罪,http://www.cnblogs.com/codefish/p/3530563.html,2014年1月23日
别在迷恋正则表达式解析html了，好吗？,http://www.cnblogs.com/codefish/archive/2013/05/18/3085681.html,2013年5月18日
LinqToExcel 简洁与优美开源库,http://www.cnblogs.com/codefish/archive/2013/04/08/3009098.html,2013年4月8日
MS_SQL_杂记(一),http://www.cnblogs.com/codefish/archive/2013/03/20/2972156.html,2013年3月20日
python常见示例->web简单示例,http://www.cnblogs.com/codefish/archive/2013/02/18/2916366.html,2013年2月18日
Lambda下的常用操作=>(1),http://www.cnblogs.com/codefish/archive/2013/02/02/2889698.html,2013年2月2日
,,
,,
,,
细节成就效率----平时积累的优化小细节(1),http://www.cnblogs.com/codefish/archive/2013/02/01/2889606.html,2013年2月1日
[读书笔记]JavaScrpit基础知识----对象,http://www.cnblogs.com/codefish/archive/2013/01/27/2879151.html,2013年1月27日
JavaScript基础知识--逻辑表达式的另一个层面,http://www.cnblogs.com/codefish/archive/2013/01/14/2860343.html,2013年1月14日
【转】JavaScript代码风格推荐,http://www.cnblogs.com/codefish/archive/2013/01/13/2859015.html,2013年1月13日
[转]30个提高Web程序执行效率的好经验,http://www.cnblogs.com/codefish/archive/2013/01/08/2851822.html,2013年1月8日
回头看看，那些曾经陪伴我的低端错误【2013-12-26号新更新】,http://www.cnblogs.com/codefish/archive/2013/01/07/2850198.html,2013年1月7日
[转]LINQ图解,http://www.cnblogs.com/codefish/archive/2013/01/02/2842147.html,2013年1月2日
Access那点事儿,http://www.cnblogs.com/codefish/archive/2012/12/30/2839962.html,2012年12月30日
那些你不知道的Chrome(1),http://www.cnblogs.com/codefish/archive/2012/12/27/2835007.html,2012年12月27日
,,
,,
,,
简单面试题的思层次思考:,http://www.cnblogs.com/codefish/archive/2012/12/27/2805581.html,2012年12月27日
【转】译- 26 个 jQuery使用技巧,http://www.cnblogs.com/codefish/archive/2012/11/20/2778470.html,2012年11月20日
[转载]JavaScript世界的一等公民 - 函数,http://www.cnblogs.com/codefish/archive/2012/11/18/2776573.html,2012年11月18日
(1)个人使用小爬虫---------关于一次被论坛封号而搜索的思考,http://www.cnblogs.com/codefish/archive/2012/11/17/2774911.html,2012年11月17日
JavaScript触发asp.net服务器端控件事件,http://www.cnblogs.com/codefish/archive/2012/11/12/2765684.html,2012年11月12日
JavaScript基础知识-词法结构,http://www.cnblogs.com/codefish/archive/2012/11/05/2756160.html,2012年11月5日
JavaScript的闭包,http://www.cnblogs.com/codefish/archive/2012/11/01/2747343.html,2012年11月1日
C#基础知识回顾一ref 和 out,http://www.cnblogs.com/codefish/archive/2012/10/31/2747332.html,2012年10月31日
WinForm窗体间传值大全,http://www.cnblogs.com/codefish/archive/2012/07/15/2592271.html,2012年7月15日
,,
,,
,,
asp.net 实现省市级联-----<简单方法2>----前台实现,http://www.cnblogs.com/codefish/archive/2012/06/18/2553604.html,2012年6月18日
RemoteHelper V1.0 (远程关机助手)-----源代码放出,http://www.cnblogs.com/codefish/archive/2012/05/21/2512115.html,2012年5月21日
用思维导图的眼光看.Net基础部分[面向对象部分],,2012年5月9日
程序员，请尊重自己的身体！,http://www.cnblogs.com/codefish/archive/2012/04/16/2452196.html,2012年4月16日
线程知识点一：如何传入多个参数,http://www.cnblogs.com/codefish/archive/2012/04/14/2447600.html,2012年4月14日
网盘搜索器 v1.0,http://www.cnblogs.com/codefish/archive/2012/04/13/2446308.html,2012年4月13日
,,
,,
